ID,Name,Description,Company
1109,"Ila Haley","Voluptas sunt et officiis dolore. Aperiam vitae et qui nulla consequatur blanditiis voluptas. Neque repellendus dolor ut assumenda quo.",Bahringer-Mosciski
1110,"Adah Schultz","Ut et inventore est. Et ut dignissimos quia. Qui et autem error quae.","Cummerata PLC"
1101,"Johathan Stoltenberg","Iure provident et possimus aut iusto est. Magni ullam consequatur enim rerum. Sit fugit eum suscipit omnis error. Qui facere velit saepe nihil cum velit aut.","O'Connell PLC"
1102,"Percy Hahn Jr.","Dolore placeat culpa et consequatur dolore. Omnis rem consequuntur rerum optio aliquam officiis. Eum repudiandae itaque nulla modi laboriosam.","Ratke, Lehner and Gottlieb"
1103,"Dr. Rosie Towne V","Optio saepe dignissimos tempore non qui. Molestias id corrupti ea minus quod. Id velit suscipit possimus aut.","Hagenes, Wisoky and Morissette"
1104,"Stella Koss","Velit reprehenderit est quas velit totam ipsum. Iusto unde et consequatur. Doloribus qui omnis consequuntur. Rem est et quo perspiciatis cumque provident et. Quia voluptas quasi suscipit.","Kassulke, Stanton and Schulist"
1105,"Mrs. Lela Carter","Est ducimus enim ut omnis id nesciunt nobis tenetur. At explicabo ab nulla nemo cum enim. Autem sed esse cupiditate at quis.","Jacobson PLC"
1106,"Zena Koch","Temporibus impedit suscipit sapiente. Suscipit dicta enim quo necessitatibus eos sed possimus et. Cupiditate placeat beatae nulla ea. Architecto nihil dignissimos distinctio.",Heidenreich-Stehr
1107,"Gonzalo Schiller","Corporis qui in aliquam porro ducimus. Enim consequatur nisi omnis provident. Minima ut cumque sit consequatur unde.",Schmidt-Terry
1108,"Vernon Ziemann","Omnis ea fugiat et ut tempore rerum. Ut ut quaerat repudiandae beatae error unde laboriosam. Accusamus laborum qui sapiente et.","Hand, Rice and Mayert"
1111,"Krystel Zboncak","Nulla pariatur rem a impedit. At occaecati earum rerum. Officia asperiores voluptas molestias nemo nostrum. Maiores id eligendi earum fugiat ut ducimus.",Wolf-Daugherty
1112,"Shad Gutkowski","Omnis ullam sequi saepe labore iure. Numquam ducimus iste ab et. Rem id quas aut laborum. Repellendus dolor nesciunt illum quas.","Schmitt and Sons"
1113,"Deion Jaskolski","Magnam eum quia in eos voluptatem et rerum. Et sint esse quaerat illo assumenda. Nobis velit dolor quis eos.","Kub, Gorczany and Schumm"
1114,"Dante Cormier","Rem sed quae dolorem aut nihil tenetur. Asperiores nemo qui facere quo enim dolores fuga. Quo quia rerum illum praesentium optio repellat. Sit exercitationem cum laboriosam labore veritatis.","Marquardt Inc"
1115,"Miss Bailee Pacocha","Placeat vel dolor nemo neque aspernatur perferendis. Animi ut at qui aut inventore vero pariatur. Impedit officia recusandae qui excepturi quisquam labore id.",Weimann-McGlynn
1116,"Ms. Judy Schmeler","Explicabo omnis porro blanditiis voluptas. Error et voluptas deleniti inventore aut sit delectus. Nisi minus quo sed voluptas.","Daniel, Cruickshank and Beer"
1117,"Claudine Feeney","Sit enim voluptas aut corrupti perspiciatis. Alias sint non libero ut unde magni.","Larkin, Lehner and Morissette"
1118,"Dr. Beulah Lynch II","Sed officiis ex nesciunt quis. Similique itaque aut esse quisquam. Sed aut mollitia earum aut minima in. Voluptas est non est cumque. Sit atque atque repellat illo aliquid repellendus ducimus.","Goodwin, Ratke and Sauer"
1119,"Josue Crooks","Quasi officia asperiores non aliquid. Totam impedit magnam illo dignissimos consectetur quod. Sed molestiae a ut perspiciatis eos harum debitis maiores. Harum et sapiente qui debitis beatae.",Lesch-Spencer
1120,"Antwan Bosco DDS","Cumque minima expedita harum cupiditate. Fugit quisquam sunt deserunt et porro ipsam. Nihil iste id tempora unde sed.","Gulgowski PLC"
1121,"Dudley Roberts","Expedita odit non velit voluptas. Dolores eos repellendus magni. Suscipit recusandae velit non.","Feest, Veum and Stokes"
1122,"Ardith Luettgen","Asperiores suscipit voluptatem sed architecto. Id sint eum facere nostrum sit. Odit nisi dolorem perspiciatis laborum.",Quigley-Greenholt
1123,"John Hane","Ipsum quia aperiam rem molestiae ipsa. Sit et ratione ad iusto expedita quam rerum. Veritatis numquam consequatur pariatur illum odit beatae. Modi rerum est qui.","Kunze PLC"
1124,"Briana Dickinson","Veritatis laborum aliquid unde voluptatem ut sunt. Omnis et est alias neque exercitationem. Sunt recusandae ipsum dolores at voluptatem. Ut dolor rerum velit voluptatum explicabo reprehenderit amet.","Heaney, Gaylord and Klein"
1125,"Rudolph Yost","Totam temporibus nobis blanditiis voluptatem corrupti. Voluptate sit aliquam et ullam quis provident aut. Quis earum commodi quia ipsa.","Gorczany, Wolff and Paucek"
1126,"Ms. Margie Wisozk I","Aut doloribus laudantium error perferendis sint. Possimus qui quibusdam rerum commodi aut impedit corporis eaque. Ut eos voluptate quam. Repellat impedit dolorum voluptatum.","Kulas Ltd"
1127,"Lexus Klocko DDS","Error eaque nulla impedit delectus maxime repudiandae et cupiditate. Quia quidem perferendis sint sed. Vitae officia pariatur soluta repudiandae dolorem ipsum expedita.","Crona, Hoeger and Stamm"
1128,"Gus Wyman MD","Veritatis omnis natus tempore dignissimos repudiandae quod molestiae maiores. Consectetur magni pariatur quae rerum nisi officia. Ea natus commodi earum.","Welch Inc"
1129,"Abby Beahan","Voluptatem sunt aspernatur rerum porro sapiente natus velit. Et omnis numquam tenetur aut et tenetur. Sint ut dignissimos libero. Vero dolor consectetur ad nemo et quidem reiciendis distinctio.","Murray, Powlowski and Lueilwitz"
1130,"Abraham Kub","Ab voluptatem voluptatem eos qui aut. Quo debitis non fugit nihil quia. Aut quidem porro non sapiente. Dolore dolore velit necessitatibus labore. Vel quibusdam earum aut et asperiores odit.",Reichel-Mosciski
1131,"Eric Torphy","Sit iste atque deleniti ut consequuntur. Amet non quia est non sapiente velit. Non cumque explicabo doloremque iusto. Minus sed nesciunt aperiam et in vel aut.",Botsford-Becker
1132,"Camden Oberbrunner","Est illum saepe tempora possimus. Et autem minima est rerum. Dolores est cupiditate ipsum reprehenderit earum porro placeat.","Ebert, Rau and Howe"
1133,"Mr. Kristoffer Cronin IV","Architecto et cumque repellendus deserunt. Ut qui dolores et eos inventore.","Nitzsche Group"
1134,"Prof. Milan Stokes","Enim et architecto rerum minima repudiandae. Eligendi accusantium modi quod cum facere sed temporibus. Beatae distinctio et possimus.","Lubowitz, Gerhold and Stroman"
1135,"Luigi Lueilwitz","Iusto qui asperiores quas consequuntur. Dolore recusandae nemo non. Doloremque dolorem et molestiae rerum. Optio doloremque placeat magnam reprehenderit adipisci.","Osinski LLC"
1136,"Reva Stamm","Non et explicabo et dolorem voluptas. Temporibus distinctio autem quia similique sequi distinctio assumenda dicta. Dolor facere architecto qui soluta quas.","Durgan, Thiel and Runolfsdottir"
1137,"Ms. Lelah Ritchie PhD","Eligendi dolores eos est et rerum. Quaerat adipisci rerum praesentium dolorum vel non. Sed ut dolorum saepe doloremque voluptatem. Qui impedit quia delectus omnis molestiae.","Kuphal Group"
1138,"Thaddeus Howell","Eveniet est beatae amet saepe est. Laudantium aliquam ut sint atque soluta eaque necessitatibus. Animi placeat sed ipsam in. Velit quia qui sed pariatur inventore nobis est.",Kuhic-Altenwerth
1139,"Jason Kuhn","Eum necessitatibus et quis et voluptates magnam. Cupiditate animi distinctio et sit alias. Distinctio vel praesentium dignissimos velit autem. Quam sit ratione quos dolores.","Simonis, Langosh and Herman"
1140,"Prof. Terrence D'Amore Jr.","Nulla ea a soluta dolorem odio temporibus. Sed quia maiores omnis officia. Distinctio voluptas unde autem voluptatum doloribus.",Swift-Gorczany
1141,"Ms. Katelyn Jacobs","Esse distinctio soluta recusandae maxime possimus porro quod. Suscipit dolorum iure sed repellat unde. Quia nulla minima aut.","Waters, Medhurst and Friesen"
1142,"Garfield Witting","Illum est dolorem asperiores et quis quia. Aspernatur id voluptatem hic amet reprehenderit. Tempora quia placeat sunt. Est inventore molestiae et voluptatem sint iste.","Herzog and Sons"
1143,"Melody Walter DDS","Ut libero quia enim aut molestiae voluptate quas ullam. Alias reprehenderit nihil ut. Adipisci officia rerum quod possimus nihil. Qui non maiores quia tempora sed.","Predovic LLC"
1144,"Miss Abigayle White","Doloremque culpa aperiam fuga aut qui sit modi aut. Similique numquam est aut quisquam aut delectus. A doloribus quo omnis dolor.",Hand-Hettinger
1145,"Leonardo Raynor IV","Doloribus in quae voluptatem ratione officia laboriosam id architecto. Alias quo dolores culpa dolores accusantium. Non nihil neque rerum sit inventore numquam aut.","Prosacco PLC"
1146,"Lexi Huels","Et ea et quis iusto et explicabo ad. Odit itaque laboriosam dolor corporis ex porro. Odio in ratione voluptatibus.","Walsh and Sons"
1147,"Prof. Darryl Smitham","Eius rerum non repudiandae enim maxime similique. Aspernatur aut amet aut soluta enim. Odio vel et aspernatur molestiae suscipit autem.",Schamberger-Rogahn
1148,"George Corwin","Amet velit voluptas atque iusto at ex. Ratione reiciendis porro similique ullam dolorem in quis sequi. Aspernatur aut laudantium sit eum quo exercitationem.",Dibbert-Swift
1149,"Mr. Fermin Botsford MD","Eligendi sint ea maiores fugit libero minima rerum. Ab omnis quo maiores qui similique nihil. Aspernatur accusamus ea aspernatur accusamus. Aliquid qui atque atque excepturi est.","Rempel, Mraz and Botsford"
1150,"Lila Hessel","Enim dolorum ad voluptatem. Expedita quae sed molestias. Provident alias velit sit perspiciatis.",Stoltenberg-Boyle
1151,"Jamaal Jones","Sunt ut explicabo delectus eligendi possimus fuga eaque. Neque est veritatis quas dolores enim nostrum. Nulla quia consequatur debitis possimus quia aut at.","Pfeffer, Gottlieb and Balistreri"
1152,"Janice Kautzer","Non repudiandae id vel enim tempora illum dolor. Natus repellat non accusantium sed molestiae. Minima autem quisquam natus sunt error.","Schinner, Hirthe and Simonis"
1153,"Walker Zboncak","Sapiente nemo quis qui nulla aut. Ut blanditiis ea iure incidunt harum ratione ut. Qui omnis eum minus aut error nam. Quia veniam maiores recusandae aliquid ea autem et.",Davis-Nicolas
1154,"Prof. Ludwig Halvorson IV","Et occaecati natus magni quia aut qui debitis. Magnam recusandae velit at enim excepturi nesciunt omnis.","Pfeffer, Cormier and Boyle"
1155,"Dr. Dewitt Ondricka","Perspiciatis quisquam sed quae. Sint sit quia illo. In omnis error iure ea. Nihil in optio omnis veritatis. Porro dignissimos consequatur ut amet vitae a. Ex unde vitae sit repellendus veritatis.",McLaughlin-Zboncak
1156,"Prof. Estevan Gulgowski Jr.","Quia quo at aut voluptatem consequuntur. Earum aliquam voluptas deserunt quisquam in ipsa et.","Ruecker, Hodkiewicz and Schultz"
1157,"Fiona Gerhold","Temporibus voluptatibus est cumque et ipsum ipsum asperiores debitis. Esse nemo ut et dignissimos. Harum minima reiciendis quis dolore voluptas rerum ipsum provident.",Beier-Brakus
1158,"Greta Stark","Quae iure eum sequi reprehenderit reiciendis. Sit molestias expedita vero recusandae temporibus corporis qui. Voluptas facere ut aut ut ea quia vel quia.","Rath and Sons"
1159,"Mr. Alexander Bartoletti","Aut sapiente nihil eos odit corporis. Qui velit aliquam voluptate eius excepturi quis.","Satterfield, Bartoletti and Rutherford"
1160,"Chanelle Runte","Quasi delectus odit sequi qui quod libero in commodi. Nesciunt aliquid odit quia est voluptatem. Vel culpa hic possimus iure at. Totam omnis tempora quo sit.","Herzog LLC"
1161,"Claud Streich","In rerum aut quaerat adipisci illo a saepe. Rerum ut mollitia libero dolorem quas sit id. Provident id doloremque soluta aliquam iusto qui. Aut est autem voluptas aut consequatur.",Swift-Hoeger
1162,"Erin Kling","Excepturi illo enim et vel. Illo minus quia esse dolores rerum doloremque. Consequatur beatae quia commodi accusamus ducimus laborum recusandae ea.","Trantow and Sons"
1163,"Mrs. Jessyca Schiller V","Nihil nisi accusantium officiis eos quos libero officiis. Autem eum ipsum excepturi laborum in. Ipsum nemo sed similique modi consequuntur dolore.",Casper-Hirthe
1164,"Jewell Abshire","Soluta aliquid sequi sint earum ratione dolorem numquam. Sunt numquam quo odio ut quasi sed fugiat. Natus quidem et omnis rerum deserunt. Ut asperiores aperiam eum dolorem.",Dibbert-Heathcote
1165,"Madelyn Ledner","Dignissimos eum ducimus ab odit. Repellat quis in eum fuga. Eius necessitatibus sit qui asperiores dolorem alias ea. Ea eligendi eaque voluptas impedit veritatis.",Kris-Hegmann
1166,"Etha Jenkins","Nemo dolores dolores est quo iure velit. Consectetur aut officia eaque dignissimos vel. Beatae voluptas debitis voluptate voluptatem.","Swaniawski and Sons"
1167,"Johnny Bergnaum","Velit et eaque quia ducimus. Aliquid delectus vitae non sit atque officiis maxime saepe. Ratione laudantium nemo et aut rem aspernatur. Neque ea in molestiae aliquam molestiae.",Crooks-Romaguera
1168,"Dahlia D'Amore","Aut veniam eum sit beatae. Qui nulla corrupti consequatur beatae illo vel ad. Debitis non reiciendis et aspernatur. Quidem harum est id magnam nihil aut provident.","Purdy and Sons"
1169,"Miss Aileen Nicolas DVM","Sequi consequatur ipsum voluptatem ut et placeat rerum. Eaque non velit nihil non. Similique exercitationem vel a debitis est.","Nitzsche LLC"
1170,"Mr. Otto Hamill III","Vitae aut ut est aliquam minus. Quae sed rerum quo in cupiditate ea. Quia est aut placeat numquam.","Prohaska Inc"
1171,"Alfredo Harber Jr.","Sed molestiae voluptatem odio minima. A doloremque occaecati ut. Fugit illum sed tempore minima dolores dolorum maxime. Autem culpa blanditiis nostrum suscipit placeat voluptatem similique veritatis.","Konopelski, Huel and Gislason"
1172,"Ms. Christina Volkman","Ut beatae unde voluptas non id aut. Fugit suscipit itaque amet in. Odio et nihil voluptates aut sequi non.","Durgan Group"
1173,"Jayne Macejkovic","Voluptatem eum et error a ex sunt. Accusantium unde nobis aperiam voluptatem voluptatum. Perspiciatis dolores quis ut voluptatibus.","Dibbert, Mueller and Ryan"
1174,"Samanta Klein","Dignissimos nihil aut eaque vel aliquam. Quam magnam nostrum nostrum magni vel eligendi rem. Ullam dolorem molestias voluptatem ut repellat.","Mills Group"
1175,"Jimmie D'Amore","Labore eum eos placeat veritatis repudiandae. Laudantium aliquam optio itaque repellat maiores commodi id. Dolor inventore rerum ullam aut.","Hills Inc"
1176,"Noel McLaughlin","Aperiam sed ea dicta. Expedita aut nostrum quae molestiae illum cumque rerum. Rerum dicta adipisci doloremque. Nesciunt quo nam nesciunt earum quidem.","Witting PLC"
1177,"Raleigh Daugherty","Explicabo sunt veniam expedita explicabo. Consequatur cum totam odit sunt commodi.",Monahan-Ernser
1178,"Nettie West","Illo dolor sit sunt. Qui eos non dolorem dolores quia qui. Et accusantium quis qui voluptatum. Veritatis sed non et corporis repellat corrupti.",Heller-Collier
1179,"Wanda Flatley","Velit velit sit fugit deleniti excepturi officia nobis. Molestiae neque et aut possimus non quam. Repudiandae facere iure ut sequi sed.","Gislason, Powlowski and Swift"
1180,"Burley Gusikowski","Est quisquam rem aut quidem eum. Accusantium ullam ex suscipit facilis architecto quo. In assumenda praesentium nostrum. Ut quo qui architecto molestiae consequatur et minus. Numquam et hic vitae.",Padberg-Lesch
1181,"Kaela Ritchie DDS","Sequi omnis cumque accusantium laborum. Sed nam aut nam doloribus. Sint est quo et optio accusamus. Alias sunt ratione et dolorem at. Suscipit dolorem non iure ipsa ullam.","Denesik Ltd"
1182,"Alyson Gutmann","Officiis in officiis adipisci debitis reprehenderit nemo consequatur magni. Laborum quaerat quasi quia velit. Quo id temporibus repudiandae voluptatem ipsa vitae.",Goldner-Abernathy
1183,"Carmella Hudson DVM","Quibusdam aut quidem sint optio. Eos hic et unde velit voluptas. Similique qui quisquam sunt quae doloremque. Et repellat dolor dolor sint odio corrupti.",Fay-Kunze
1184,"Dr. Conrad Labadie I","Eum unde esse odio natus ut. Facere vel numquam nostrum sit animi quia sed. Assumenda laudantium debitis esse unde error iste.",Williamson-Shields
1185,"Mr. Patrick Dickens Jr.","Dolor voluptate quidem nostrum ut. Delectus assumenda rerum in sed iusto nihil nostrum. Facilis id et temporibus aut soluta iusto magnam veritatis. Culpa consectetur ipsum rem ut adipisci voluptate.",Halvorson-Muller
1186,"Nova Bogan","Qui dolore aperiam unde. Delectus molestias sed quae. Et neque ipsum dolorem reiciendis dolores voluptas. Nobis nostrum nesciunt nesciunt atque fugit.","Lowe Group"
1187,"Jaren Goyette","Quasi a sunt nihil fuga consequuntur vel aperiam. Qui nulla voluptatem provident ducimus aspernatur accusantium molestiae. Ut error voluptas voluptatem ut voluptatem.",Upton-Stehr
1188,"Lucas Larson","Illo neque maiores iusto ut ut. Reprehenderit id voluptatibus exercitationem. Dolor in eum debitis. Repellendus corrupti quia sed voluptatem reprehenderit iure tempore iste.","Collier, Ferry and Skiles"
1189,"Emmett Strosin","Eum ut nulla soluta doloribus. Iure temporibus quis voluptas quaerat. Maxime exercitationem magnam rem aspernatur culpa corrupti dolores sequi. Perferendis tempore occaecati tempore.","Lindgren Inc"
1190,"Mrs. Astrid Schultz MD","Rem minima minima mollitia ullam molestias numquam quia. Et non rem natus repellendus voluptates.","Ankunding, Pouros and Gleason"
1191,"Mrs. Lilly Spinka","Deleniti nesciunt ea id repellendus nihil. Delectus maxime quae rem sit est molestiae voluptatem. Enim non laudantium est sunt. Dolores rerum non aspernatur reprehenderit.","Nader Group"
1192,"Delphine Hilpert Jr.","Autem saepe qui accusantium perferendis ut. Saepe est iste est quo ea. Omnis illo velit et et sed a. Et quidem rerum nam ducimus autem dolorem id eligendi.","Marquardt, Harvey and O'Conner"
1193,"Kyleigh Bashirian","Ullam tenetur voluptas quos et explicabo voluptatibus earum. Omnis ipsum autem voluptates omnis necessitatibus. Numquam laudantium laudantium qui sit sed.","Wiegand Ltd"
1194,"Michel White","Consequatur ut omnis non sunt quo ipsum fuga est. Vel suscipit quia doloribus placeat alias consequuntur. Dignissimos ea quod eaque excepturi voluptatem molestiae enim.",Braun-Shields
1195,"Elvera Stracke","Optio perferendis labore et nesciunt neque et mollitia. Porro accusantium repellat debitis distinctio. Quos molestiae omnis nobis sunt tempora. Laboriosam ad magni voluptates eveniet aspernatur et.","Hane, Hagenes and Gulgowski"
1196,"Mina Kirlin DDS","Est ea sed qui ex illo vel ea neque. Et molestiae consectetur consequuntur accusamus sit. Et architecto asperiores nostrum ea.",Stokes-Champlin
1197,"Madisen Cummings Jr.","Molestiae sit porro eos repellendus totam nihil minus. Commodi quis odio aut voluptatem. Dolorum quibusdam necessitatibus et molestias consequuntur suscipit.",Lueilwitz-Braun
1198,"Dr. Hallie Spinka Jr.","Corporis sed deleniti quisquam sint quo qui vel. Architecto enim praesentium ducimus dolores. Natus soluta est ut consectetur.","Gleichner, Krajcik and Hudson"
1199,"Stanford Price","Quibusdam iusto in vel. Dolores reiciendis ea quam. Excepturi at et voluptatem explicabo.","Wiza, Schumm and O'Conner"
1200,"Rosalinda Lemke","Possimus possimus praesentium sunt illum. Velit sed esse perspiciatis voluptas minus rerum consequatur. Voluptatem accusantium quis rerum ut expedita quia consequatur. Quia nisi dolores dolorem qui.","Wiza Group"
